datapoint_id,type,top1_rmsd,top5_mean_rmsd,top5_min_rmsd,rmsd_under_2A,rmsd_model_0,rmsd_model_1,rmsd_model_2,rmsd_model_3,rmsd_model_4
3F9N_ALLOSTERIC_38M,allosteric,20.547386077285733,20.412006438591636,19.956495704512506,False,20.547386077285733,20.510937056650572,20.497730538742662,20.5474828157667,19.956495704512506
3PYY_ALLOSTERIC_3YY,allosteric,23.715163647058564,23.71771343387657,23.59691895714311,False,23.715163647058564,23.75610872166375,23.59691895714311,23.712942279072703,23.80743356444471
5MO4_ALLOSTERIC_AY7,allosteric,27.525876868774404,26.378174672308745,25.633664142513656,False,27.525876868774404,25.77473982958855,27.003389186333848,25.95320333433327,25.633664142513656
3K5V_ALLOSTERIC_STJ,allosteric,25.26408578847567,25.35926887809781,25.26408578847567,False,25.26408578847567,25.52696747275106,25.402181463560932,25.26563419005294,25.337475475648468
3LW0_ALLOSTERIC_CCX,allosteric,2.689123653954536,6.4590298720361785,2.00215644750307,False,2.689123653954536,2.232062845952441,11.898549909558728,13.473256503212122,2.00215644750307
5A1R_ALLOSTERIC_STR,allosteric,17.52421299958047,15.84735160898983,14.446474710188369,False,17.52421299958047,16.579344815389863,15.176314462804278,15.510411056986177,14.446474710188369
1YV3_ALLOSTERIC_BIT,allosteric,0.9134120814924931,1.0861726235789209,0.3350900098976327,True,0.9134120814924931,2.124052529282197,0.9817667960103051,0.3350900098976327,1.0765417012119765
2YHD_ALLOSTERIC_AV6,allosteric,19.679983193962077,19.597633667120917,19.502700002694535,False,19.679983193962077,19.602310762565867,19.527180222916932,19.67599415346517,19.502700002694535
2YLO_ALLOSTERIC_YLO,allosteric,3.9495784400267278,4.015124958287887,2.4300106578216587,False,3.9495784400267278,4.130505373086164,4.912022938686957,4.653507381817932,2.4300106578216587
1T49_ALLOSTERIC_892,allosteric,30.538746189777132,31.632288445707353,30.538746189777132,False,30.538746189777132,31.27348871032195,31.101424277617955,33.91103855687728,31.33674449394245
4EJN_ALLOSTERIC_0R4,allosteric,1.3635157893365384,1.9105293924186952,1.3635157893365384,True,1.3635157893365384,2.1804905008918256,2.049311918318495,2.1134531799292624,1.8458755736173549
1V4S_ALLOSTERIC_MRK,allosteric,30.952296577170813,30.532271487757203,28.1259208551465,False,30.952296577170813,31.19675416864644,28.1259208551465,31.590330855532148,30.796054982290105
3O2M_ALLOSTERIC_46A,allosteric,26.988277845616352,26.80983136053075,26.44593177668803,False,26.988277845616352,26.70639571475638,26.44593177668803,26.826339145424086,27.082212320168896
4YPQ_ALLOSTERIC_4F1,allosteric,0.3688732912222228,0.37688549485275924,0.3356886927659703,True,0.3688732912222228,0.3999694243866436,0.40244708631616233,0.3356886927659703,0.37744897957279705
2GM1_ALLOSTERIC_2AZ,allosteric,29.246708495900354,28.471056997091942,26.991449812607122,False,29.246708495900354,30.004278485582976,28.352332538865383,26.991449812607122,27.760515652503855
3WPN_ALLOSTERIC_B4S,allosteric,23.669667744514555,23.625616438175236,23.38351245342439,False,23.669667744514555,23.601950765105556,23.861994264601098,23.610956963230592,23.38351245342439
1PZP_ALLOSTERIC_FTA,allosteric,10.124276316278078,6.111907536965372,2.1556071329209434,False,10.124276316278078,9.830153658972572,2.1556071329209434,6.066905248089835,2.382595328565435
6FVF_ALLOSTERIC_503,allosteric,15.887217036970892,15.907714716449433,15.758227157972215,False,15.887217036970892,15.758227157972215,15.981248549703203,15.806631211916471,16.105249625684394
4EBV_ALLOSTERIC_0O7,allosteric,15.739261655412554,15.962167148363065,15.739261655412554,False,15.739261655412554,16.01827344703678,16.054249526927574,15.967083084328676,16.03196802810975
3NEW_ALLOSTERIC_3NE,allosteric,33.48938199709261,33.57505416006332,33.408477872998766,False,33.48938199709261,33.611790643630584,33.408477872998766,33.70153976231162,33.664080524283
2E9N_ORTHOSTERIC_76A,orthosteric,0.8318965028666025,0.9777129750890197,0.7909634089780981,True,0.8318965028666025,0.8466901856978273,1.0182162115453832,0.7909634089780981,1.4007985663571871
5MO4_ORTHOSTERIC_NIL,orthosteric,0.8446476979148545,0.7919626240478623,0.6941233295014149,True,0.8446476979148545,0.7468405329789874,0.8888912342341021,0.6941233295014149,0.785310325609953
3K5V_ORTHOSTERIC_STI,orthosteric,0.3897166457785127,0.3959394421656827,0.3453290909002605,True,0.3897166457785127,0.3453290909002605,0.35009584300439717,0.4165567085578283,0.47799892258741494
1JQH_ORTHOSTERIC_ANP,orthosteric,1.388373192223885,1.4867040079970681,1.388373192223885,True,1.388373192223885,1.4717470223062943,1.5706981346143618,1.4805703530312067,1.522131337809594
3I81_ORTHOSTERIC_EBI,orthosteric,,0.5145915507959915,0.43254816329086176,True,0.6071930335763269,0.47951018713574756,0.5594653874566846,0.43254816329086176,0.49424098252033694
3NXU_ORTHOSTERIC_RIT,orthosteric,2.61525780414304,3.587407520300752,2.61525780414304,False,2.61525780414304,4.225394287882608,4.665331789274592,3.0608461015190596,3.3702076186844625
1MMN_ORTHOSTERIC_ANP,orthosteric,0.5424934124095243,0.5899019180787423,0.5418797836030067,True,0.5424934124095243,0.5418797836030067,0.6338572804375779,0.6454028223905693,0.5858762915530331
2AX9_ORTHOSTERIC_BHM,orthosteric,0.5476693602757401,0.5893805500073086,0.5476693602757401,True,0.5476693602757401,0.5812975768857715,0.5998216754907864,0.5989384478518319,0.619175689532413
2PIO_ORTHOSTERIC_DHT,orthosteric,0.1411376322379219,0.1577312869859081,0.1411376322379219,True,0.1411376322379219,0.14781625394812828,0.16251372917164109,0.17690012807251565,0.16028869149933367
1BZC_ORTHOSTERIC_TPI,orthosteric,1.3584503346430863,1.2232815917173794,1.0652488489249345,True,1.3584503346430863,1.0652488489249345,1.3910146163507624,1.2077635571443992,1.0939306015237147
3MVH_ORTHOSTERIC_WFE,orthosteric,0.6265181076727591,0.5829479375134119,0.42806001976480285,True,0.6265181076727591,0.42806001976480285,0.6978543709625797,0.5868606700595992,0.5754465191073186
3FGU_ORTHOSTERIC_ANP,orthosteric,0.679176319487874,0.8112505728862794,0.679176319487874,True,0.679176319487874,0.8713216694371322,0.9680152292394297,0.8211303663553043,0.7166092799116566
4IZY_ORTHOSTERIC_1J2,orthosteric,1.836694755854294,1.828239661543364,1.595842424459253,True,1.836694755854294,1.6746124405965912,2.2618099152206743,1.595842424459253,1.7722387715860066
5APH_ORTHOSTERIC_VYI,orthosteric,0.8071173765316296,0.753561890958063,0.4647653763330881,True,0.8071173765316296,0.4647653763330881,0.782429593105436,0.8307870331401079,0.8827100756800539
3ZCW_ORTHOSTERIC_ADP,orthosteric,0.3820871354323597,0.3635630462942049,0.3151967431902637,True,0.3820871354323597,0.3418997209926432,0.3151967431902637,0.37532797695732817,0.4033036548984297
1AXB_ORTHOSTERIC_FOS,orthosteric,2.325736138811604,3.988055039406406,2.0235003861527345,False,2.325736138811604,2.0235003861527345,3.0137975294231647,5.713664455674775,6.8635766869697505
3PE2_ORTHOSTERIC_E1B,orthosteric,0.5718240417612555,1.0213357761803734,0.41989770094486756,True,0.5718240417612555,1.201522331130051,1.5774193877088367,0.41989770094486756,1.3360154193568563
2IJM_ORTHOSTERIC_ATP,orthosteric,27.47751067235395,27.4425322896331,26.78381827716102,False,27.47751067235395,27.606945100757564,26.78381827716102,28.202191424124276,27.142195973768693
3BZ3_ORTHOSTERIC_YAM,orthosteric,0.458547424572546,0.38923803862876605,0.3157725642582866,True,0.458547424572546,0.3350368147964753,0.3157725642582866,0.3723223788552648,0.4645110106612578
3KF7_ORTHOSTERIC_L9G,orthosteric,0.6485674236818367,0.6824540616855214,0.5866809967193639,True,0.6485674236818367,0.7022621080944503,0.6836419938841117,0.7911177860478444,0.5866809967193639